Distance_km,Preparation_Time_min,Courier_Experience_yrs,Weather,Traffic_Level,Time_of_Day,Vehicle_Type,time
19.352465823520763,51,3.12271786048796,Windy,Medium,Afternoon,Bike,64.32903720824119
47.58500101408589,16,2.3024616842786996,Windy,Medium,Afternoon,Car,104.92355798320645
36.86770314875885,20,2.061861645184264,Rainy,Medium,Night,Scooter,80.86576473420399
30.334265725654795,28,6.379607933159701,Windy,Medium,Morning,Car,65.16454142932214
8.64491338167939,23,2.568838476457148,Rainy,High,Night,Car,21.318951237911442
8.64373149647393,12,6.320154860204185,Clear,High,Afternoon,Bike,11.520558149816178
3.8460969962417737,35,0.584546141085539,Clear,Low,Morning,Bike,30.668441294149662
43.44263114297183,25,1.4177439352710186,Clear,Medium,Afternoon,Bike,95.50179407190188
30.45463557541723,21,2.745402540001254,Foggy,Medium,Morning,Car,73.93816395688764
35.69555631200623,27,5.9704691689569165,Foggy,Medium,Afternoon,Bike,77.9862143031523
2.00864022049432,41,6.7584124508737595,Snowy,High,Evening,Car,14.377661948902759
48.52558275593772,58,4.427169667795271,Snowy,Medium,Evening,Car,116.15217185632946
41.78968939922066,20,4.457909145772289,Snowy,High,Night,Bike,86.18069786773029
11.404616423235531,10,7.245168513986181,Foggy,Medium,Evening,Scooter,27.655258247016334
9.90942339314793,12,0.1582109176558244,Foggy,Medium,Afternoon,Scooter,20.239585469740973
9.986820982818257,29,3.4109002447422054,Snowy,Low,Afternoon,Scooter,41.646475828292566
15.907869905017348,22,8.187070571192328,Snowy,Medium,Evening,Car,30.425632101494152
26.713065149979656,29,6.032194102133722,Windy,Medium,Night,Car,65.64368605108181
22.165305913463673,16,3.372271327554204,Snowy,Low,Evening,Car,48.2320840280982
15.270227869704053,19,9.055247923296738,Windy,High,Morning,Bike,29.382409903480436
30.980791841396595,30,7.726227274493826,Rainy,High,Morning,Car,62.87825252267369
7.83519917195005,45,2.6489544723673344,Foggy,Medium,Morning,Bike,35.029478957776575
15.31508777822569,49,6.452898375257169,Snowy,High,Evening,Bike,42.885847199364186
18.951730321390894,30,5.957507281889567,Foggy,Medium,Evening,Scooter,38.538067862055016
23.34742922663476,51,4.011879140389826,Foggy,Low,Evening,Scooter,68.78097270396694
39.473622108257665,36,3.6695607920480064,Foggy,Low,Morning,Scooter,90.10056789028854
10.784015325759627,14,3.4356047477570395,Rainy,Medium,Night,Bike,33.55416848438712
26.19748748226697,20,6.171557833956468,Clear,Low,Afternoon,Bike,61.22352570604158
30.02831387424008,11,4.424099364806695,Snowy,Low,Evening,Bike,69.61968929035733
3.2760702232798886,21,8.31863113251422,Clear,Medium,Night,Car,5.329094791506062
30.76969774317048,27,6.696026161339619,Clear,Medium,Afternoon,Bike,69.02405802565778
9.355682060677285,30,0.6993160570943413,Clear,Low,Afternoon,Scooter,19.908693265854964
4.187528056278696,25,6.40168223828166,Foggy,High,Afternoon,Scooter,13.06436197084211
47.49539132541333,26,2.7114743650018482,Windy,High,Night,Bike,105.77180002594821
48.315969620653405,11,5.928119916534227,Foggy,Medium,Night,Bike,96.97405971328145
40.6114700577066,18,6.801319311034514,Foggy,Medium,Morning,Scooter,83.20977875167031
15.926074689495163,19,2.3082918915401205,Clear,High,Night,Bike,39.37682034620855
5.78593358631281,57,4.5685864488036865,Foggy,Low,Night,Scooter,21.937067553004873
34.527418299095686,11,1.903248628190678,Clear,High,Night,Car,73.93269715041058
22.567472193240462,13,0.5233887578650831,Windy,High,Afternoon,Scooter,53.52875508826603
6.979873507394163,55,3.7847642348586907,Snowy,High,Evening,Car,44.36510979307389
25.263668595452238,52,3.62944271845992,Clear,High,Morning,Bike,74.74158476882921
2.6850375346457014,12,9.95480490704257,Windy,Medium,Evening,Bike,0.7615848286826414
45.556699701860325,54,4.463523511976422,Snowy,Medium,Evening,Car,119.17458550289909
13.68021909840083,27,3.335695494722004,Rainy,Low,Night,Bike,25.738071579082263
33.463591933345114,33,5.804750067166746,Clear,Low,Morning,Car,75.04769114638776
16.273842728381137,22,0.8876739410776846,Clear,Low,Evening,Bike,38.83096161539103
26.48333303771273,35,9.616657359548132,Rainy,Low,Evening,Scooter,60.677399716720764
27.788803687820703,34,6.349600455910331,Rainy,High,Morning,Bike,55.23454285858525
10.057868320750824,56,7.548378199408478,Clear,Medium,Night,Scooter,47.16553675331177
48.50964676046337,43,1.7047793817391754,Rainy,Medium,Evening,Scooter,115.56546464076634
38.98150834469461,39,4.094778530052039,Foggy,Low,Afternoon,Car,94.96222161513185
47.035448136645265,22,4.226891133961895,Snowy,Low,Evening,Bike,101.9594612646281
44.84654017095479,46,8.218064439010869,Snowy,High,Afternoon,Car,110.78746537728345
30.29709896174317,43,0.012366797594094425,Snowy,High,Night,Bike,72.77208045152202
46.171837516132726,21,3.0085310835325507,Foggy,Low,Evening,Scooter,100.39674977608196
5.3361326005440555,18,9.812363743443038,Rainy,Medium,Morning,Scooter,15.590792761169372
10.603160258538114,35,4.748865435062186,Windy,Medium,Morning,Bike,33.46752284841059
3.216137156616365,28,3.8252628024400828,Rainy,Medium,Evening,Bike,11.85066454510114
16.94118620739995,39,1.1982900201764635,Clear,Low,Night,Car,49.16463181634451
20.045187194784617,48,9.741646286280156,Snowy,Medium,Night,Bike,52.38401809425705
14.2961025569209,49,0.20026355925824468,Rainy,High,Morning,Bike,49.28669140696861
41.608137948444536,38,7.371802250072431,Windy,High,Evening,Bike,94.08041806147985
18.480913007985876,7,7.685998047885084,Clear,Low,Night,Car,40.31706498401167
14.765790974681657,41,2.436567160638666,Foggy,High,Morning,Bike,44.60819096103724
27.592108074754176,47,6.7155844361303725,Foggy,Low,Afternoon,Scooter,69.53026184198299
7.9052870237633694,44,0.9292914437938993,Windy,Medium,Evening,Car,39.180185523984406
40.307652056947944,30,2.570472664320799,Clear,Medium,Afternoon,Car,92.1707296297557
4.652981540308771,59,7.87901988292265,Snowy,Medium,Afternoon,Scooter,24.281017530970484
49.35745989342535,27,8.646861920335402,Rainy,High,Night,Scooter,103.2621156776202
38.839993695536215,48,6.084864126597913,Clear,Low,Night,Scooter,95.1006661024899
10.737068395174449,43,5.068384318204826,Foggy,Medium,Night,Bike,42.78414419933483
1.2705837390565176,19,1.593040206189803,Windy,Low,Evening,Scooter,5.587365280909926
40.95760999428688,53,0.6310903307915017,Windy,Medium,Afternoon,Bike,112.69572707155946
35.63600984853324,8,1.1764902847355863,Rainy,High,Evening,Car,73.60637535183118
36.72135123400838,33,2.2735730009609876,Windy,High,Night,Car,82.12942111248078
38.79224698761134,26,3.416745018969208,Windy,Low,Afternoon,Scooter,80.62385739586884
4.628187934970428,29,3.809095255109872,Clear,High,Evening,Bike,29.61922325437363
18.564820698669358,17,3.4632176858900356,Snowy,High,Evening,Scooter,41.366843597271476
6.677583916731356,22,2.3905533219726562,Rainy,Low,Morning,Scooter,26.647135095142495
43.29206786790408,37,5.097242467516981,Clear,Medium,Evening,Bike,91.44629629525053
31.541608214550337,20,8.252861082328968,Snowy,High,Night,Scooter,78.01882978659121
17.214003217779812,49,2.797035384714792,Clear,Low,Evening,Car,60.597194192680476
4.114359164015158,46,9.423870191022331,Clear,High,Afternoon,Scooter,20.527647066231943
16.23813376406745,48,8.733366617238477,Windy,High,Evening,Bike,46.212071621618875
16.933982779310604,6,1.617642113521096,Snowy,High,Morning,Bike,38.92331408661509
36.75070273856514,59,7.862759567570945,Rainy,High,Afternoon,Car,98.52455434318456
32.240316096405444,39,5.745873823177666,Rainy,Low,Afternoon,Bike,79.14740477162042
44.47342438624,46,5.6657536217141855,Snowy,Low,Morning,Bike,106.33548894177696
24.138531332935514,38,3.9104276305817445,Windy,Low,Night,Car,66.17197045541887
6.860118050976784,34,5.0115299918200975,Foggy,High,Afternoon,Scooter,17.000188344732585
35.948994573926754,59,3.9717877742921104,Clear,High,Night,Car,95.56982781049014
38.27846738222797,17,5.397326187599428,Windy,High,Afternoon,Scooter,71.42528928539228
28.502582680905316,17,6.279500527726358,Snowy,Low,Afternoon,Car,62.24862655759681
38.77739181777349,22,6.743038064090484,Clear,High,Night,Scooter,78.4326757162899
25.195984221855145,36,5.324811925594261,Rainy,Medium,Afternoon,Car,55.20926612472013
26.61390863971771,36,7.214220673287317,Foggy,High,Night,Scooter,60.04466398605325
21.94950989956893,39,1.412780492755058,Rainy,Medium,Morning,Car,62.73302031371173
2.245537210460664,43,2.1198249090223853,Snowy,High,Night,Scooter,22.845107599119896
6.286679922671918,50,8.187350040742702,Clear,Low,Morning,Car,23.52022700943727
2.540030098649978,56,3.225279778464152,Snowy,High,Afternoon,Bike,21.330437410182725
32.18411015192524,33,0.22893824976120247,Clear,Medium,Night,Scooter,81.0089459892418
16.403443072740007,53,1.537911496680311,Windy,Medium,Afternoon,Car,54.865134115047404
25.919963867070436,33,2.2361443449631127,Foggy,High,Night,Scooter,64.8133798398575
45.47075722237856,57,9.573228878945873,Windy,Medium,Morning,Scooter,109.06985962836976
13.215319228294872,48,5.730414289308493,Windy,Medium,Morning,Car,46.85055260315785
21.108763228745858,20,9.327307404762548,Snowy,Low,Night,Scooter,47.124951561578726
38.022005788609384,48,5.751633504966249,Foggy,High,Morning,Car,95.02492407704473
12.2111101090895,51,4.793544401378518,Clear,High,Afternoon,Bike,43.52636306800226
4.772015581610857,14,3.1372769119409605,Clear,High,Afternoon,Scooter,13.530571941759767
15.197821192774633,34,6.063709444333756,Rainy,Medium,Evening,Bike,39.635748104917404
8.899843075446217,29,1.3919802461752984,Clear,High,Morning,Scooter,22.694939136551532
46.55518496478608,43,8.98261627292706,Snowy,High,Afternoon,Scooter,111.08748451309297
40.59789859865643,24,8.293324051412837,Windy,Low,Night,Scooter,89.41966745833903
32.03678406901075,9,3.1753144787673704,Windy,Low,Morning,Car,75.3399236271571
43.701568919198166,5,9.527975276012944,Windy,Low,Afternoon,Bike,91.77765909477144
40.37993176805661,34,8.252007674155681,Foggy,Medium,Morning,Scooter,83.62775520069374
10.141932885415756,53,6.663068858350397,Clear,High,Night,Car,38.44379731058697
44.73539092600891,7,1.217619111252748,Snowy,Low,Afternoon,Scooter,104.31086072511579
27.427769853866884,49,4.782340230480723,Foggy,Low,Evening,Car,74.37044639934187
40.564567603039066,18,5.0610755484675085,Rainy,Low,Evening,Scooter,86.28911417034438
44.90847369625117,34,2.325513583653801,Snowy,High,Morning,Bike,96.88578405037565
16.58217027362133,54,0.7996539435930194,Snowy,High,Night,Bike,60.11612976153351
6.392544301856161,8,7.767236304716927,Snowy,High,Afternoon,Scooter,18.677554172790842
12.168822964555142,22,1.2203505212439503,Windy,Medium,Night,Car,40.55042445838397
21.92828164268656,41,5.942907505617747,Snowy,Medium,Afternoon,Scooter,55.36373267216265
41.08272353020216,29,9.364491738836605,Clear,Low,Morning,Car,85.31937348872563
43.175798579560826,52,8.761051925980425,Snowy,High,Afternoon,Scooter,97.93604377066991
1.3406543960283446,5,2.7775262374926113,Windy,Low,Night,Car,-1.8520331466844517
26.026617826300722,57,8.514486375512654,Snowy,High,Night,Bike,62.487689633156435
21.45313915429017,50,0.003325061204894064,Rainy,High,Morning,Scooter,67.47885487407673
11.883282713065782,19,0.17687809613257222,Rainy,High,Night,Bike,40.64024072965105
6.873402999350457,13,6.0255316384286495,Windy,Medium,Afternoon,Bike,15.998433980741012
17.54314339877777,19,3.647982191445295,Clear,Medium,Morning,Scooter,47.76949955593891
47.20257549171344,53,3.8646084115914716,Clear,High,Afternoon,Scooter,122.4067895764654
16.836943669017007,28,5.644410906788825,Foggy,Low,Night,Car,39.29543598338205
26.420740465424938,8,1.9178245559186058,Windy,High,Morning,Car,51.12612306789903
35.44792898586371,16,2.1175535066547835,Snowy,High,Afternoon,Bike,73.17238168081536
18.817850516585406,41,4.846015870188647,Windy,Low,Night,Car,44.704375420771925
48.61732205332707,41,7.542535443438631,Foggy,High,Night,Car,110.3537598271934
48.15991745216345,47,6.194977514075877,Windy,Low,Evening,Scooter,99.1025354073656
13.337332495442844,10,2.973550482368389,Windy,Medium,Night,Car,31.65819205494923
25.365176788726888,43,4.303371775089212,Foggy,Medium,Afternoon,Bike,68.28638648095892
15.743037181021714,50,1.706647585499984,Clear,Low,Morning,Car,57.13662610901764
14.957184224495913,28,0.7462981433708171,Snowy,Medium,Evening,Bike,48.45315172036168
2.8074604203721067,15,7.826960407441492,Foggy,Medium,Night,Scooter,6.2819333749969894
30.868652365014945,17,2.6538740918819457,Rainy,Low,Night,Bike,75.74128932642172
25.631272138214214,38,1.777663878512482,Clear,Medium,Night,Car,71.59460945267699
3.522458811249478,29,6.9161805556931935,Rainy,High,Afternoon,Scooter,10.843102832725513
14.65367674759396,11,6.18051674287186,Clear,High,Evening,Car,27.438281541586672
45.50502841236603,56,6.3318962601346405,Snowy,Low,Afternoon,Scooter,101.37170543084673
12.73853264268165,8,2.288946048466136,Snowy,Medium,Evening,Scooter,22.677167034536332
8.099848732469932,12,2.3264553856268098,Windy,High,Morning,Car,17.968260049646098
24.98318525360059,24,2.2080262978563914,Rainy,High,Afternoon,Car,62.489712257133114
49.29687225141944,33,1.737525956622945,Clear,Medium,Afternoon,Scooter,109.60441340350687
12.86070830406352,58,6.557236725616563,Snowy,Medium,Morning,Scooter,41.93285981283833
33.93464182288805,57,8.480158852494014,Foggy,High,Evening,Car,78.45146527824144
38.31936115110716,55,7.243174696766612,Snowy,High,Night,Bike,93.91346001248111
12.644239655627583,49,7.920936337605432,Foggy,Low,Morning,Car,51.621801985489384
36.68260108198112,50,4.047984290851998,Clear,Low,Night,Scooter,95.6727530475954
19.021373503243407,14,6.540757953719981,Snowy,High,Night,Car,43.19988611454273
31.982985699085393,47,3.5423624044477453,Snowy,Low,Morning,Bike,79.42333783040179
32.04295582728384,38,5.2550462196864,Clear,High,Evening,Car,69.96361663437018
27.252959519663165,30,4.816348465348623,Snowy,High,Night,Scooter,58.58418325353737
5.424198732666007,45,1.768871451438544,Foggy,Low,Morning,Car,31.093870468105283
41.92982228387266,53,3.870787603356308,Snowy,Low,Afternoon,Scooter,96.51821274699273
16.718223183615056,7,9.63822275482351,Rainy,Medium,Afternoon,Scooter,22.265271530357747
10.139407009592857,10,2.4858025771494208,Windy,Medium,Afternoon,Car,19.861208012179823
2.997981936183432,9,1.3380373627948872,Foggy,Medium,Morning,Scooter,2.5532999792554723
29.95375421622385,9,4.185806216239353,Rainy,High,Afternoon,Scooter,49.603287129584196
34.20065373027184,58,7.903377358601481,Clear,Low,Night,Bike,90.946198592991
1.8128036174649513,51,5.821482297799722,Foggy,High,Afternoon,Bike,23.533482161553003
26.092559856664767,27,6.809748272382445,Windy,Low,Afternoon,Bike,62.77052077909773
12.09829298469896,53,1.8969484817467719,Windy,High,Night,Bike,43.247508741388934
32.61346673006304,13,6.189481930077215,Clear,Medium,Afternoon,Scooter,69.33706524528621
9.54395502124458,39,3.2350039491147378,Clear,Medium,Night,Car,42.999427065808845
34.85594916702083,24,8.343033659547675,Foggy,Medium,Afternoon,Scooter,74.67993833567827
19.950031968726332,53,6.292988060107362,Snowy,High,Night,Scooter,57.05739440511201
46.89976944809999,46,1.988562777752959,Clear,Low,Afternoon,Scooter,115.53637936599324
7.73852626315367,39,0.6461667984408614,Snowy,Low,Night,Car,31.041948781388594
17.712251201462667,54,0.42633209287032736,Rainy,Medium,Morning,Bike,57.87675252166125
6.560202540788865,22,3.7140856765014076,Windy,Medium,Night,Scooter,23.82262135259295
46.30998729564958,21,2.658511366543135,Snowy,Medium,Afternoon,Scooter,99.76621162582002
43.98962831566807,28,6.46090123462508,Windy,Medium,Afternoon,Bike,101.54383366396121
13.639139758042624,7,4.993338349786183,Snowy,Low,Evening,Scooter,23.572826220081218
33.33921825567477,36,2.660192780053807,Rainy,High,Night,Car,80.31237082794568
41.04388780985958,39,1.4923777795017612,Clear,High,Morning,Scooter,97.26284286406003
28.204839768373652,42,1.271997626874496,Rainy,High,Night,Scooter,70.53676471643678
26.952878339444318,17,8.646603921404177,Clear,High,Night,Bike,57.83127725056741
12.850762254122133,51,2.4347796840486726,Clear,Medium,Morning,Scooter,59.69530314726636
5.562035622489061,29,6.5171064791096835,Windy,Medium,Night,Scooter,17.19582857303768
44.96357213971301,13,8.106859279862663,Rainy,Medium,Morning,Car,84.91780528118832
45.120484801003194,8,6.140813111847361,Snowy,High,Morning,Bike,84.37353907162357
32.02197140639013,18,8.595652316469458,Rainy,Medium,Night,Bike,61.049624358308904
17.612459761386333,41,3.923937215284745,Windy,Medium,Night,Car,60.04990073869193
18.111269156020384,38,9.562221906489484,Clear,Low,Afternoon,Scooter,42.067913806751825
36.57182826464173,15,1.3314500417809694,Windy,Low,Afternoon,Bike,76.3858724830548
44.95840273767628,45,1.021495296575381,Foggy,Medium,Evening,Bike,105.19353891802231
44.46723478899075,7,6.586921462074436,Foggy,Low,Evening,Scooter,87.31579198522243
39.21390174702357,32,9.428311414132617,Snowy,Low,Night,Scooter,84.66334426915958
32.4595506615601,33,8.08883461636328,Windy,Medium,Morning,Bike,67.64437282774412
5.122858284757393,13,0.7641685943805143,Snowy,Medium,Evening,Scooter,11.517399988543872
8.919806990636076,7,2.7936771393471638,Snowy,Medium,Night,Bike,26.210603694602774
45.029155237826885,29,9.303188848378237,Foggy,Medium,Evening,Scooter,95.41866040861937
30.715023923319908,38,2.5305843280078455,Snowy,High,Morning,Scooter,78.40789049586844
1.4506555292148526,16,7.8117042378691925,Foggy,High,Night,Car,3.6178759456908196
5.972105600435573,46,8.251321959287038,Clear,Medium,Morning,Scooter,33.666016182639986
33.511586686294734,13,4.954521034609818,Windy,Low,Night,Car,63.3425805263761
1.2480176084647157,19,3.863489098483155,Snowy,Medium,Evening,Scooter,6.150568517564004
8.879594519457434,44,4.501244324197597,Foggy,Medium,Afternoon,Bike,34.41311868140471
27.88795567896272,29,2.2696469436536413,Rainy,Low,Evening,Bike,59.40038528782318
34.90286468694197,9,8.893909161288443,Snowy,High,Evening,Scooter,60.83111262968877
32.94610171562742,15,4.506196567297579,Clear,Medium,Afternoon,Scooter,74.11938100036195
11.98919616356743,38,8.824594404560997,Clear,Medium,Afternoon,Bike,37.95486540422445
35.896781846029256,28,1.056934799062741,Rainy,High,Night,Scooter,89.42196326850592
12.625205287343203,19,9.882752710001313,Foggy,High,Night,Car,21.92220675202809
16.944585209804117,42,4.432730874436182,Snowy,Low,Morning,Car,48.12796334457787
37.578078850783186,12,0.47830820394105467,Foggy,High,Morning,Car,71.73752202243516
32.83201205331352,9,0.38021848237454914,Clear,High,Evening,Car,74.44347833583404
42.61194711421472,52,7.462072574818386,Foggy,High,Afternoon,Car,109.24508299744154
33.223031722716826,30,6.5903553420368075,Clear,Low,Morning,Scooter,80.2753129360749
28.847121563438108,22,8.021305581275875,Foggy,High,Evening,Scooter,68.69339381298654
5.5900636235765315,10,1.0536753395280596,Rainy,High,Afternoon,Car,17.236994875074533
19.018074349912244,41,0.3557086703554835,Windy,Low,Night,Scooter,65.96484921220247
13.994916016404547,52,5.085792894475785,Rainy,High,Evening,Scooter,47.90166609254391
12.955492525575096,17,3.8759523148276953,Rainy,High,Night,Car,21.699980911294745
48.677517182869835,32,4.619469366709557,Windy,Low,Morning,Scooter,113.0391883852307
20.26178850867126,9,9.91588408870274,Windy,Medium,Morning,Scooter,26.0882472985963
44.71028120367855,17,9.707499576706702,Snowy,Low,Afternoon,Scooter,89.06407307811722
31.92579267386588,21,9.423153896731929,Snowy,High,Evening,Car,69.70505046162111
39.945753873540774,54,7.838426767676738,Rainy,High,Night,Scooter,100.6743749595808
25.629217562154412,44,3.548413602568904,Rainy,High,Afternoon,Bike,81.10123687465129
29.268290346691597,49,4.121309302627716,Clear,Low,Morning,Bike,69.08562642002059
25.13336699712433,36,5.4961604371892445,Clear,High,Morning,Car,62.35627019437983
10.56690640210418,33,8.305344564048399,Snowy,High,Evening,Bike,29.415745566423244
36.40015364781376,55,0.6871283251826776,Snowy,Low,Night,Car,92.89266488953277
14.757845759601935,7,4.242968858848881,Clear,Medium,Evening,Bike,23.00405870673356
2.191482355141238,44,0.8261766345926869,Clear,Medium,Night,Bike,21.331145021556786
32.62814249945122,38,5.146575865735116,Foggy,High,Night,Bike,73.61147266292102
9.678423290945398,44,8.989008240062354,Foggy,Low,Evening,Car,31.827865091009098
47.0824706332928,31,7.8248492456393794,Clear,High,Afternoon,Car,98.82526752018542
47.74250027312678,17,2.2784241754310997,Foggy,Low,Evening,Scooter,103.29611829130084
45.82835512080198,49,9.759908495987924,Windy,Low,Evening,Car,109.64395407663135
19.137776312516774,37,6.673503980464284,Snowy,Medium,Morning,Bike,53.01094344316371
1.757374209914504,10,0.10427699397403067,Snowy,Medium,Morning,Bike,6.359840199931196
46.48760956679855,28,2.554134846852195,Clear,Low,Evening,Car,105.84346243406726
21.9810232675484,23,2.607132999199165,Rainy,High,Evening,Car,58.0305581167813
48.36608613313981,20,0.6925430628585993,Clear,Medium,Morning,Car,108.26745210980846
48.21737887737339,44,9.59826518075929,Foggy,High,Night,Scooter,118.1313810462046
42.79746331790064,32,4.782552945759237,Rainy,Medium,Evening,Bike,101.7232686238755
15.427995711409698,37,8.95814597371882,Foggy,Medium,Afternoon,Scooter,48.98988081234289
19.869788701494336,52,3.2221550344462835,Windy,High,Afternoon,Scooter,50.05570672889207
42.70569690432599,45,1.2523357043282712,Foggy,Medium,Afternoon,Bike,107.14243871002486
16.529178252657605,17,4.743361099062139,Windy,Medium,Evening,Bike,35.19533290149198
9.305144587618532,47,1.1395663471431716,Windy,High,Night,Car,40.34582417652282
28.283261860459156,49,4.860155029775399,Foggy,Medium,Night,Car,72.18157159062221
46.87158393387827,29,9.202971812194077,Foggy,Medium,Morning,Scooter,101.02119305748336
35.10546003707368,57,5.207681418342127,Windy,Medium,Evening,Car,84.46145649371816
28.932997334378882,46,6.1649972689508346,Rainy,High,Night,Car,76.71818171416339
5.761648194767658,40,1.566384369738083,Windy,Low,Evening,Bike,26.098355918894534
31.135354108259317,31,0.43735625879969486,Snowy,High,Morning,Bike,74.83142150711677
49.5126386551089,42,1.1080796217980704,Windy,Low,Morning,Car,121.10970653624842
7.864116746589677,11,5.985315756843656,Rainy,Medium,Morning,Bike,15.636806375667364
26.3981529658231,9,0.9501169899230466,Snowy,Low,Afternoon,Car,61.61579349875542
43.991280524469815,47,3.759928899413114,Clear,High,Evening,Bike,102.87511462029657
37.29766226995602,49,5.50091940458156,Clear,High,Morning,Bike,93.19087687424484
35.15377130876813,55,3.8865279862984705,Rainy,Medium,Evening,Bike,98.36488021629354
35.42172011536835,35,1.6368380146530148,Windy,Low,Afternoon,Bike,88.51260093484069
18.615066409768005,27,2.737913075141065,Foggy,Medium,Afternoon,Car,50.120191011708926
15.386000368960175,46,9.28317532848577,Rainy,Medium,Morning,Scooter,50.029039701350754
40.658696618447166,14,6.759822755863554,Snowy,High,Morning,Bike,79.52635823668314
40.695556339279854,36,4.960478386798865,Snowy,Low,Night,Car,91.34647990614948
43.48654361042508,47,0.12714889986893518,Clear,Low,Evening,Car,113.2254605056429
45.748787075267096,57,9.924154004894701,Snowy,Low,Morning,Bike,109.32626271558404
26.05577754418595,34,6.7145493489464325,Rainy,Low,Night,Scooter,68.00802357791405
25.57429843967278,43,3.169224773449449,Snowy,Medium,Evening,Bike,71.3282392914714
40.11646376937198,35,8.792686599978381,Rainy,Medium,Morning,Car,85.82348753731428
32.84823260811049,22,2.584316202918181,Foggy,High,Night,Scooter,75.8040691473585
35.39637698562746,40,5.440165791827516,Clear,Medium,Night,Car,80.83908985831475
39.99384080236895,6,6.360707637298251,Snowy,Medium,Evening,Bike,81.36161630922493
44.61026174906075,18,2.2106337145372845,Rainy,High,Night,Scooter,89.02412825084346
17.561762685725256,17,9.78397278800596,Windy,High,Evening,Car,39.94987895442547
19.403564679357256,33,7.481919059789975,Clear,High,Evening,Car,49.42959285484743
5.605115052202581,16,5.578132255110699,Foggy,Medium,Evening,Car,12.809293001181093
29.335726908812525,43,1.8059459817530088,Rainy,Medium,Afternoon,Bike,82.18217859054143
2.761171416040362,6,0.5385820699802613,Foggy,High,Night,Scooter,10.540393982912239
23.81430288849055,36,3.2005983252098344,Foggy,High,Evening,Bike,69.07991588006156
27.589587100671256,17,7.531873359134028,Snowy,High,Morning,Bike,62.752609533975814
15.040521354285936,50,2.6933129830202507,Snowy,Medium,Afternoon,Bike,54.14918194638305
29.950829767881526,31,5.395562204955051,Rainy,Medium,Afternoon,Scooter,65.64724389060012
2.494512247013422,53,7.279471767307432,Windy,Low,Night,Bike,21.502007724488205
2.830061248711506,45,1.0794371464646435,Rainy,Medium,Evening,Bike,26.722450921900126
41.307427472323255,21,6.852980161158734,Windy,Medium,Night,Bike,91.67048325546324
18.64934142915188,44,0.918708877100447,Foggy,Medium,Afternoon,Bike,56.09804167451594
7.225965119942354,35,9.651297421269966,Clear,High,Evening,Car,20.43593021646406
26.589919742685414,38,4.883941300649396,Rainy,Medium,Morning,Bike,76.53765133105856
38.72968410183193,28,1.5067610770987738,Rainy,High,Evening,Car,89.43111456967645
11.575230347345316,49,3.423836360335465,Windy,Low,Afternoon,Bike,41.05296488302215
31.521633315131012,39,4.134164492952614,Foggy,Low,Morning,Scooter,82.29233227928016
5.182025784694632,52,7.581850110765373,Foggy,High,Evening,Car,28.501530043825962
3.5324043372617773,10,7.434237860766093,Windy,High,Morning,Car,-2.3174250034103654
27.03637694683925,23,6.11940505337331,Foggy,High,Morning,Car,64.65791925434206
27.49112095889522,34,1.0593071255849296,Snowy,Medium,Afternoon,Car,67.18773818870915
32.23406517341212,11,1.5156937158767358,Clear,Low,Morning,Scooter,68.67036462289538
36.578475352410415,14,0.9375692064555663,Rainy,High,Night,Bike,78.87868592942849
48.8167518936642,45,5.7717278328755,Clear,Medium,Afternoon,Car,115.5122818218022
26.29871706675857,36,8.77138441511404,Rainy,Low,Night,Scooter,50.870679355579774
16.824867174121053,38,4.338005122547718,Snowy,Medium,Morning,Car,46.63623183169821
39.96412354366648,32,1.608481739577462,Foggy,Low,Night,Bike,99.94395064833401
14.270780311841637,19,5.58042325148967,Windy,Medium,Evening,Car,38.78836497165187
22.509599614576167,34,8.117522168657098,Snowy,Low,Morning,Scooter,48.94522515229363
4.844362685771031,41,7.4171206151293,Clear,Low,Evening,Bike,27.374595969971843
2.242186427357418,33,8.814507796750213,Windy,Medium,Night,Scooter,8.3627162858367
48.169772319218325,26,2.779020972488678,Foggy,High,Evening,Bike,104.68786236901155
41.963025905098085,8,1.9395386726777486,Snowy,Low,Morning,Bike,84.37659130522218
35.1027360985912,24,8.798164859419387,Windy,High,Evening,Bike,73.95132588629005
21.038694276299225,36,6.575603127780231,Snowy,Medium,Night,Car,58.50861770627253
9.491421683471444,40,3.1092893000755417,Snowy,High,Night,Scooter,37.196476747012895
8.665415090883215,54,7.423480505725092,Foggy,High,Night,Scooter,36.27669087442211
13.261902010065171,8,8.151183844803679,Rainy,High,Morning,Scooter,27.20917634051774
27.912106570599903,31,6.149782403411324,Windy,High,Night,Bike,61.16112378661991
36.01520021230306,21,6.8788410987991515,Foggy,High,Morning,Car,75.26547210846721
33.34967145916883,16,3.7525990444266633,Snowy,Low,Evening,Bike,75.92565001579865
14.7167609503512,26,5.386956673430391,Foggy,Low,Night,Scooter,39.69309628622488
47.78839875249651,21,5.241591707261622,Rainy,Low,Evening,Car,98.50368591050685
37.15694891809266,14,8.48047791130772,Windy,Medium,Afternoon,Car,65.26863609187626
28.163348573058634,58,8.399639802821826,Rainy,High,Evening,Car,78.4813482972695
30.97431656548326,5,8.326804693470432,Clear,Low,Afternoon,Scooter,48.228452427981146
21.560403058961704,26,0.11031614262465794,Windy,Medium,Evening,Car,54.94798315184293
13.138818485556715,30,7.495454844688883,Rainy,Low,Morning,Car,39.676924122607886
18.44266125391182,22,7.586763901110048,Snowy,Low,Evening,Bike,43.28235183822284
38.13445941275409,54,6.783788228551418,Windy,High,Morning,Bike,86.36686070689593
1.7052809428580376,18,7.562646578914526,Windy,Medium,Morning,Car,5.850172828503133
6.687559384838895,51,8.419703714967087,Foggy,High,Night,Car,28.859565481697732
3.2541294590658847,33,4.7031905410178565,Snowy,High,Morning,Bike,11.936481373486664
2.9957113136295366,16,5.020502134884471,Clear,Low,Afternoon,Bike,10.646026971385115
42.917568616539356,40,1.2471405691139048,Rainy,High,Night,Bike,102.12930742001116
35.47923510962116,39,3.853758830473618,Foggy,Medium,Night,Scooter,84.1770411955712
24.234517625278933,56,6.433651799117843,Rainy,High,Evening,Scooter,70.65560904357363
5.7938738718990725,16,7.803997761472745,Clear,High,Morning,Bike,8.65432732781798
25.089177880724787,11,2.1720909769121057,Clear,High,Morning,Car,53.98494395387028
24.200116768247717,33,1.378228991592354,Windy,Low,Afternoon,Bike,60.55538009675341
9.486891625590744,15,6.630420045004922,Clear,Medium,Evening,Scooter,17.151055903063856
22.25873081266068,37,0.018798835249106416,Rainy,Low,Evening,Car,67.96331163654989
20.526731985471297,10,1.7837258430732983,Snowy,Low,Night,Scooter,49.74309630977068
31.176654804558606,51,0.29071380343953734,Snowy,Low,Night,Car,79.01932456996457
32.11958889251454,19,1.6688511785487092,Windy,Low,Night,Scooter,75.80569082571314
3.219896478830181,36,1.8131927992550523,Rainy,Low,Afternoon,Car,29.619555181535837
19.35601811669709,55,3.876735947503942,Rainy,Medium,Afternoon,Car,70.12218437290811
31.667135869997583,15,4.023271246865559,Clear,High,Night,Car,69.41289912255519
25.653676670424296,27,8.742624706102378,Rainy,Low,Evening,Car,50.77773934602673
42.96800221822779,30,5.101097124988252,Foggy,Low,Afternoon,Scooter,98.98481151320499
33.275987949328304,38,7.234047656122863,Clear,Medium,Evening,Scooter,73.97166646645415
8.983786926990055,50,1.0413735792028744,Foggy,Medium,Evening,Car,40.21137444399397
4.457868622621062,38,2.2543875546369385,Windy,High,Morning,Car,27.57676047582928
32.47854463210946,33,7.029434409786768,Snowy,Medium,Night,Scooter,70.40385812133846
2.299054216539469,8,0.5280396046852809,Windy,High,Morning,Car,2.338067294804735
29.7030034823997,21,4.865976622437531,Snowy,Low,Night,Car,67.368896934816
47.07128182982292,39,5.993689656629338,Windy,Low,Night,Car,116.98499502457808
29.19823471591807,17,6.02145644052481,Rainy,High,Evening,Bike,67.09118464370864
20.020326384119574,45,0.2293281126804203,Foggy,Medium,Night,Car,65.8472555808092
32.5211227036753,43,3.221080042291855,Snowy,High,Evening,Bike,88.21709254300741
23.454391634084313,19,6.36490651049154,Clear,Medium,Evening,Car,53.232474243586665
27.735222676480813,59,1.4899973614924344,Foggy,Low,Night,Scooter,85.72994913851618
47.13177563004973,33,6.954156483280532,Clear,Medium,Evening,Bike,108.30248397481216
19.919029252237937,33,7.459252088136745,Foggy,High,Evening,Bike,42.03699095606902
48.0983376273718,15,9.819691904461452,Foggy,High,Evening,Car,94.87440984749671
45.36218145584712,56,2.098419948564094,Windy,Low,Afternoon,Car,116.22120193191093
10.593765604675525,36,8.251306676661152,Snowy,Medium,Evening,Bike,31.330738688412715
4.398703742883107,6,5.202965769186541,Snowy,Medium,Afternoon,Scooter,4.287580642845725
5.9381220674939055,51,3.7346259614417345,Foggy,Medium,Afternoon,Scooter,36.24405739741724
1.8928694569259368,18,1.2237675732517794,Rainy,Low,Evening,Car,7.472331292162059
5.627705077040491,24,7.3550560648753756,Rainy,Medium,Evening,Scooter,13.231079442245438
34.467331897401486,26,2.358575991436871,Clear,High,Afternoon,Scooter,76.30668823510561
4.48824377455122,15,3.7142200187304573,Clear,Medium,Afternoon,Car,17.08200071672133
16.629805884394305,31,0.6254222689736844,Windy,Low,Evening,Scooter,48.07557198376895
42.398890237503274,7,8.01366915819519,Foggy,Medium,Evening,Car,77.97994961782754
2.1403248510554675,21,7.665885239716434,Clear,Medium,Night,Bike,5.247615987313598
40.908955646857855,48,7.336158300423125,Clear,High,Afternoon,Car,98.50115607669463
14.810883963896597,32,2.9944351049188667,Foggy,Medium,Afternoon,Bike,50.7382074172236
6.790076553461157,33,1.7348007426595724,Windy,High,Night,Bike,22.16275068252938
35.14012110284338,25,6.3755326447022975,Clear,High,Afternoon,Scooter,79.78225954938338
31.818199492214315,51,4.961663841132195,Windy,Low,Morning,Scooter,86.53404683345148
43.9961286628256,20,1.7825246690464158,Snowy,High,Afternoon,Scooter,91.7949056643709
37.0184811463904,41,6.859112710498637,Windy,High,Night,Car,95.0122160330556
40.37056558885758,24,9.911264318213037,Rainy,Low,Morning,Scooter,85.5262691139055
14.819694055994018,10,7.4721958774203765,Rainy,High,Evening,Bike,24.62852571841888
9.694537645206418,23,7.399863866856117,Windy,Low,Night,Scooter,14.192144793825419
37.78012283040206,9,9.503127529305917,Rainy,Medium,Night,Scooter,71.70285230399377
40.53490222409594,7,2.029363675749022,Snowy,Low,Evening,Car,82.31671284866293
49.53475195803299,5,5.655499649214404,Foggy,High,Night,Car,90.76043961052098
21.2182661686599,42,9.796467150338835,Rainy,Low,Afternoon,Bike,48.421993136302774
19.228886203846375,19,1.6529411097017455,Rainy,High,Evening,Car,50.64738063358853
39.04423507635784,38,7.00251959444521,Windy,Medium,Night,Scooter,80.30747602166551
17.699373472397873,39,5.85810145971902,Snowy,Low,Evening,Car,50.6120592604419
46.60710895457467,53,5.86479092188707,Foggy,Medium,Evening,Bike,112.91224211070796
43.06222484030758,29,6.976706275200751,Windy,High,Evening,Scooter,96.1335175471816
22.0207073413759,28,9.296169228756842,Windy,High,Morning,Bike,47.27372040469395
37.792682321783374,16,7.82581939851338,Snowy,Medium,Night,Car,77.22592007135495
37.97260083014943,22,0.5613610341621,Foggy,Low,Morning,Car,82.66996640349322
6.053069572960698,19,8.527280198757111,Snowy,Low,Night,Bike,12.832834366297442
45.22509242729877,48,2.2554132992573264,Foggy,High,Afternoon,Scooter,114.64019094609392
25.757366249945,20,3.7691416473637194,Snowy,Medium,Afternoon,Car,58.499950208903634
41.49641583927934,31,4.617328136123822,Windy,Medium,Afternoon,Car,95.77703775444257
16.682430450499975,12,4.809060007530697,Windy,Low,Night,Scooter,29.91619439621102
44.880638196313825,50,4.351803992553568,Clear,Low,Evening,Car,107.45609959064981
20.07088225797399,29,9.373532942158644,Rainy,Low,Evening,Bike,42.40153237770961
1.5310449225346197,21,7.060190076640246,Snowy,Medium,Morning,Car,5.1194509904952294
45.363716844543916,33,6.3117064595670636,Clear,Low,Morning,Car,107.70864157760991
5.473047162520544,57,0.49842027782941556,Rainy,Low,Afternoon,Scooter,37.17678026953317
16.64636824193033,12,9.039133302603746,Snowy,High,Morning,Bike,24.53580588242941
47.55303638548944,19,9.093901920083962,Foggy,Low,Night,Scooter,98.22039929014788
47.57975019994025,31,7.802130634301023,Rainy,Low,Night,Car,109.59058692275188
29.09845651804102,50,0.07029203813619156,Windy,Medium,Morning,Car,76.8205617386843
31.960023396320164,54,0.5728025107762336,Clear,Medium,Morning,Scooter,100.21129805545456
22.97383057693767,56,2.2522370226848976,Rainy,High,Morning,Scooter,73.77130714280581
15.367327813205161,11,1.313494081449067,Rainy,Low,Morning,Scooter,40.090615490303215
17.10456272312588,7,3.9883602970372944,Windy,High,Afternoon,Bike,41.05612332443104
33.953404347774885,33,9.226230580877896,Snowy,Medium,Afternoon,Car,80.04366632821059
37.86635194244632,48,4.720604341969983,Foggy,High,Morning,Scooter,94.45942155788424
39.78737314256658,57,0.1340262643216561,Windy,Medium,Night,Car,114.02921074176857
39.69128899693314,28,2.82745689578762,Foggy,High,Afternoon,Bike,91.82811994743325
5.469099049385828,7,0.4459490837296154,Snowy,High,Night,Bike,19.44467263958024
25.226594930426494,24,0.3628762261350216,Rainy,Low,Evening,Bike,68.08969105362138
3.82037924081557,50,2.7571985309555225,Foggy,High,Night,Bike,24.429077000811773
27.926915233863042,19,2.7561233867894543,Clear,Low,Morning,Car,66.56921274082165
22.634994567295475,29,7.87126602601604,Clear,Low,Evening,Bike,50.98926351600805
44.497504955156685,34,9.748346527811119,Windy,Low,Afternoon,Bike,96.93761656642232
18.194835615051854,18,3.712070938899983,Snowy,Low,Afternoon,Scooter,42.31306403541771
6.736283804952687,11,4.288868788610386,Windy,High,Evening,Bike,15.11854990917178
8.006592420588957,21,8.447894362860215,Windy,Medium,Night,Scooter,25.682917039462893
38.31402095415614,48,2.681390200955134,Windy,Medium,Afternoon,Bike,91.11441357288683
31.29268510249679,24,1.5638180440344795,Clear,Medium,Morning,Bike,64.40983537661018
5.955011130016722,40,8.530896234036504,Clear,High,Evening,Scooter,13.712675667669073
5.121233499634874,13,0.46500586440065494,Windy,Low,Morning,Bike,21.62318245454866
35.34748744149688,42,6.196994401994157,Clear,Medium,Evening,Car,81.6307930216613
4.565387311845483,52,5.619928474668068,Snowy,High,Afternoon,Car,30.17177849659733
41.27114290522746,26,3.459204475016943,Windy,Low,Night,Bike,91.50949571481507
35.60586913066832,58,3.15189521097359,Clear,Medium,Evening,Car,92.62796734716315
4.9860902514530885,57,7.718577261816213,Foggy,Low,Evening,Scooter,35.010989428868456
5.157047990174404,57,0.8642461076254648,Windy,Medium,Morning,Bike,37.31253503163643
49.345339346557594,6,2.367843093113854,Windy,Medium,Afternoon,Bike,98.13416021480941
19.339268992049895,28,7.324487318380898,Snowy,Medium,Morning,Scooter,46.51840720442015
19.161465206277654,12,5.483205837264242,Rainy,Low,Afternoon,Scooter,42.44358499948215
40.82717879561763,15,1.279882085335864,Rainy,High,Morning,Scooter,83.07959428822714
47.41518029180908,17,8.821356142820601,Snowy,Low,Evening,Bike,98.87359617746398
49.31405212732067,21,3.9344784656359155,Snowy,Medium,Morning,Scooter,112.44289338787218
37.91553107768814,12,8.278683753221728,Snowy,Low,Night,Scooter,66.42176655834866
19.436719691014872,25,7.8771301552770865,Rainy,High,Afternoon,Car,44.88780412239181
5.09153511823477,22,6.24425446471728,Snowy,Low,Afternoon,Car,13.414204709965624
39.0801988804444,34,4.94481131295093,Clear,High,Evening,Bike,93.71173935153857
28.361808237054447,22,9.79550840381757,Windy,High,Afternoon,Car,51.84481200765707
21.78687845310184,50,1.4496507237981704,Windy,Low,Night,Car,75.26879731062337
45.411364869642064,51,7.251557275511148,Foggy,Medium,Morning,Scooter,101.03169843162763
6.448676633001416,35,1.91190701464789,Foggy,High,Evening,Scooter,27.26404155247227
25.138630110252098,42,3.382631053323484,Windy,Low,Night,Car,70.06610954715751
1.5563285936035345,36,3.0869874337319523,Clear,High,Afternoon,Car,14.593985518800991
23.964371457712186,15,9.47035987738723,Rainy,Medium,Afternoon,Car,41.74137529575195
3.75886050841003,49,9.673561777882751,Rainy,Low,Night,Bike,23.45533742208993
6.822077897135524,29,1.8301544423472715,Clear,Low,Morning,Bike,26.70280095187918
6.7587860920781395,37,0.22035160297504186,Rainy,Low,Morning,Bike,31.826911428256984
32.811304803687115,42,7.200080396631131,Snowy,Medium,Evening,Car,83.71597176807123
37.55619908400574,45,4.1798993387048435,Windy,High,Afternoon,Car,91.46013536216653
29.585069489760823,12,0.8884024508756438,Windy,Low,Night,Bike,65.87969977762103
48.14645487525255,15,6.8375410557704255,Clear,High,Morning,Bike,94.4223546533556
19.3686583966615,26,5.451055282606997,Rainy,High,Evening,Car,42.03961408156896
14.999892227811175,55,9.80516822001106,Foggy,Medium,Afternoon,Scooter,46.27082309316119
43.561357281283556,28,2.274094958613789,Foggy,Low,Afternoon,Bike,96.35479366798516
11.95619608745318,45,4.039778763265483,Rainy,High,Evening,Car,40.12859440582697
48.19790443258995,21,5.425458033954229,Foggy,Low,Evening,Car,107.29698792023648
1.5955692598010007,16,7.916999884533516,Clear,Low,Morning,Scooter,2.003621364890714
48.52406250867431,50,5.488386567200587,Clear,Medium,Night,Car,113.2452050887487
3.1148356855782295,36,6.129001608619492,Rainy,Low,Afternoon,Car,18.24106363277692
44.666012571205485,19,2.2614705158994077,Foggy,Low,Night,Bike,97.0916943221536
26.857354345228693,20,8.469187280885599,Clear,High,Afternoon,Bike,49.31111526160143
49.65527500984572,58,4.286305469704757,Clear,Medium,Afternoon,Scooter,122.53221319036747
4.616031672034544,26,1.4095962752176927,Snowy,Low,Night,Scooter,19.12904544835841
28.13885993566472,32,6.641879145054173,Snowy,High,Evening,Car,64.77511935773289
48.49582424533585,24,2.160904531853075,Clear,Medium,Morning,Bike,110.45838582400854
26.631794364337292,37,0.9756251023929974,Rainy,Medium,Afternoon,Scooter,71.47132298209601
31.840533268627865,14,8.619869084042723,Windy,High,Evening,Scooter,68.20088419013966
35.09168576024624,44,4.601622644884396,Windy,High,Afternoon,Scooter,87.523447096164
23.27251217362089,36,7.492837126957764,Clear,High,Morning,Car,65.93262362218434
31.75034592411911,54,2.9058755980635507,Clear,High,Afternoon,Bike,85.29094118151642
29.631401284231913,37,7.869701349176664,Clear,High,Morning,Scooter,66.04528931346154
45.15674251405846,6,1.1193592702153032,Rainy,Low,Morning,Bike,94.93063913178649
3.2268726367314358,37,3.559733737948527,Snowy,Low,Afternoon,Scooter,28.214421222839434
14.767196290019285,37,9.780618179735285,Clear,Medium,Afternoon,Scooter,31.359757877377156
47.57016271975138,45,7.939897163680061,Clear,Low,Morning,Bike,108.71547503475112
44.6229254106549,17,4.972559303146882,Foggy,Low,Evening,Bike,89.71938179273357
23.327180886499935,34,3.397774715618851,Rainy,Low,Night,Bike,60.970842122341416
31.3864972922753,37,8.721357000224765,Clear,High,Morning,Car,72.60172720182285
14.591677966075501,17,5.448477590845156,Foggy,Medium,Afternoon,Scooter,38.96178457944445
10.217936826464305,56,7.584250178691111,Windy,Medium,Afternoon,Car,40.30959950986358
23.721221842059126,30,7.541076803161641,Clear,Medium,Evening,Bike,61.775287375807764
18.31425917327659,26,0.1794567856849183,Clear,Medium,Night,Scooter,47.87355988077483
29.59914948069273,43,1.2625378279261346,Foggy,Low,Morning,Car,84.0681705089854
4.808997211284257,6,6.596293663947423,Rainy,Low,Morning,Scooter,7.165015899304688
48.745345575642155,42,1.6161981128587144,Clear,High,Night,Car,125.52392003184282
49.32432647950054,43,2.554933446556047,Windy,Medium,Morning,Bike,110.20864519837289
35.20992398696751,30,9.466379541996071,Clear,Low,Night,Car,70.13417984313982
27.2687219508619,50,5.601822583749119,Windy,Low,Afternoon,Scooter,83.09373274126662
16.16685319803006,54,7.5072950699934715,Snowy,High,Night,Scooter,48.16008585863488
40.875955965640486,19,5.579807387826399,Snowy,High,Morning,Scooter,82.32308775307526
34.551827455140085,38,5.5251361478272525,Windy,High,Night,Scooter,78.19990083495364
8.968230027899674,46,0.941519101256979,Rainy,Low,Evening,Bike,45.73717073721098
45.63543204019828,59,3.4366319260910307,Clear,Low,Afternoon,Car,111.06694408817992
41.30432490323528,48,2.824308986865117,Clear,High,Afternoon,Bike,103.89659288099375
47.540195751304275,53,3.9072836561361326,Snowy,Medium,Night,Bike,116.34499873756972
36.560255911029635,44,7.983441882243283,Windy,High,Morning,Bike,92.31964785733815
31.057344600853703,15,3.7193266791686486,Clear,High,Evening,Scooter,63.076949210880535
21.493908778240325,7,4.516968192316827,Clear,High,Afternoon,Scooter,44.047212259730195
46.70369568434665,10,3.973813904853165,Rainy,High,Afternoon,Scooter,88.5774965969538
43.43713058552001,13,0.934079719752956,Foggy,Low,Morning,Car,103.80988664467307
3.215714835203281,10,4.410721582507837,Snowy,Medium,Morning,Scooter,5.82274646463018
2.2919817503653483,13,1.9560927304451503,Snowy,High,Evening,Car,9.171688194712383
19.44670497702443,43,1.8672329577304148,Foggy,Medium,Night,Scooter,66.79994879057116
40.71711320830981,35,0.9403610443426635,Clear,Medium,Morning,Scooter,95.06050150075092
49.37653033643228,36,3.5667097414176476,Rainy,Medium,Night,Bike,121.52326264614
8.370427664072881,45,7.574818847894173,Rainy,High,Evening,Bike,29.608680609561787
30.112405052254623,54,2.7644169058339605,Snowy,Low,Night,Bike,87.8188841177816
19.663651974920054,16,3.1234910188551357,Rainy,High,Afternoon,Car,41.34040473018848
48.52580549291556,12,6.426746576724236,Foggy,Medium,Night,Car,89.8446821833832
42.26382723364973,12,1.9584081258691888,Clear,Medium,Evening,Scooter,90.64221809413336
42.07810653084575,54,8.969579304235344,Foggy,Low,Evening,Car,105.38615076237383
23.965964829953545,32,5.201905232515545,Windy,High,Evening,Scooter,52.15059571576035
21.326155614545595,24,4.47602940320217,Snowy,Medium,Night,Car,48.64099023134546
14.396946524604605,51,5.578201919292014,Rainy,Low,Afternoon,Car,54.71948593760173
3.7623993358954286,11,1.6603431341619546,Windy,Medium,Morning,Car,14.365050291611954
43.371396436497605,15,6.134731386391763,Rainy,Low,Afternoon,Bike,86.1319864776832
40.8321494473738,24,3.6310073663401043,Clear,Low,Night,Car,87.04566302023522
49.9861659910204,20,8.97186340964619,Clear,High,Night,Bike,110.7416901980685
49.835205016621366,8,1.6885420667768614,Clear,Medium,Morning,Bike,94.74720761745158
28.216153574528747,10,5.070511038654411,Rainy,High,Night,Car,56.06580323836007
38.680383343845016,26,5.9811262936901795,Windy,Medium,Evening,Scooter,77.05615602553013
47.29352076423897,30,0.33383601786381223,Clear,High,Evening,Scooter,115.82727873483553
42.63272214319316,7,3.636931247561402,Windy,Medium,Evening,Scooter,85.09289497778323
13.120056985416685,45,7.326352347008328,Rainy,High,Evening,Car,42.304632047672214
23.076662630194583,46,8.203775074489734,Windy,Low,Evening,Scooter,74.79401173403748
7.328811342423254,18,3.1316199481728235,Rainy,Medium,Night,Bike,17.55863935799172
47.7485003356774,15,7.985932723827513,Rainy,Medium,Morning,Scooter,103.75394751781995
30.702557088093123,22,9.677558771033889,Snowy,Low,Morning,Car,60.77389583311142
12.203497469669673,58,8.568739360750941,Rainy,High,Evening,Scooter,43.67069329066391
33.91333353588698,16,1.176439881593252,Rainy,Medium,Night,Bike,87.8411034732837
31.288283782436896,27,7.397303320855406,Foggy,Medium,Afternoon,Car,67.87381235771002
18.549973183609186,16,3.1966683244054472,Clear,High,Afternoon,Scooter,35.03142102133669
6.564322017781822,17,9.884159894120765,Snowy,Low,Night,Car,13.154078082074442
33.90708658404718,29,4.853589831598871,Snowy,High,Evening,Car,76.59689921066047
26.49507734428587,49,1.2243389835894103,Snowy,High,Morning,Car,78.10129491365164
38.843601195046325,55,7.251855480273908,Foggy,High,Night,Scooter,97.2673579431799
26.488011554487677,23,3.2301119838621384,Rainy,Medium,Afternoon,Car,72.32363420613704
42.75689351560847,59,9.970781570816618,Clear,Low,Afternoon,Scooter,107.82668465458
28.043435099949793,50,9.79782457854522,Windy,Low,Afternoon,Bike,65.91422248272528
28.485960605233927,40,6.561340180205807,Rainy,High,Evening,Scooter,71.03331504038132
43.9560265302589,49,1.2982644895171758,Foggy,Medium,Afternoon,Bike,107.11563945016543
20.770660444407454,12,6.868609976750291,Rainy,High,Night,Scooter,39.43414169954985
7.566746194081396,33,0.9303048646002721,Rainy,Medium,Night,Car,26.150983970728404
2.41035113935361,59,0.2936415910239232,Foggy,Medium,Afternoon,Scooter,44.56265330371341
38.001725528007334,57,8.229584462214861,Snowy,Medium,Night,Car,92.8169435179087
31.39516801631977,59,2.0975294768368133,Snowy,Medium,Afternoon,Bike,93.63062831577342
35.49990863686195,36,3.790271262190974,Clear,Low,Afternoon,Scooter,83.5921489021498
11.435243913936626,55,9.734573899761731,Clear,Medium,Morning,Car,34.84384806524757
7.682202303751718,48,3.368405018611033,Snowy,Medium,Evening,Bike,36.984246103389935
1.7126886177262146,22,2.9648978128331525,Windy,High,Evening,Bike,13.463938608047812
18.178790381523253,10,9.182079996227753,Rainy,High,Morning,Scooter,34.968633430591325
29.90596665587702,22,1.107484453189581,Windy,Low,Morning,Bike,56.593353085859746
20.219958209886883,23,7.595824101146318,Rainy,High,Evening,Car,38.16986375028199
22.436271179162723,26,9.88065566652774,Snowy,Medium,Afternoon,Bike,52.779660286907124
45.303776030193674,41,9.012960107746489,Clear,High,Afternoon,Bike,97.47655713959689
18.06451788414172,36,6.516679187064259,Clear,Low,Evening,Car,48.62707683276973
26.18548496883073,45,3.14060794992732,Windy,High,Afternoon,Bike,65.44023851159021
39.39899762431601,7,2.5432198117831675,Clear,High,Morning,Bike,83.41278094764107
20.430596333742237,32,8.192551048714611,Snowy,Low,Afternoon,Bike,53.324989598747734
31.4822483111658,14,8.798219139516952,Windy,Low,Afternoon,Bike,64.82582701367649
43.25582172859051,55,5.254349125456929,Rainy,Medium,Night,Car,113.92007839349208
47.52651055922446,39,2.4433994078646615,Clear,High,Night,Bike,119.92912243508192
8.206600565522859,33,1.1294320841117356,Foggy,Medium,Night,Car,25.91339838888911
46.40279363291322,58,0.8717946783183117,Clear,High,Afternoon,Bike,116.99043293175133
25.11369836089737,19,7.190774473538556,Rainy,High,Evening,Bike,57.02434009977516
13.65397502664896,37,4.201187278477249,Windy,Medium,Morning,Bike,47.25786163400807
23.497652055674806,11,9.053598742778703,Rainy,High,Afternoon,Bike,40.06999060071128
49.021596188988376,16,7.396713007267637,Foggy,High,Evening,Car,94.9270490440812
25.13828660565061,53,1.912604179145867,Snowy,High,Afternoon,Car,71.60290158250281
17.108828904087904,34,6.137774188156991,Clear,Low,Morning,Car,37.05440879979909
32.03664186151956,25,4.355054543981593,Windy,Medium,Afternoon,Scooter,65.86117326818716
12.76713532013146,35,5.77249730768613,Snowy,Low,Morning,Bike,31.02531010742602
4.717303077324532,28,7.380691233385171,Rainy,Medium,Afternoon,Bike,14.583422552235726
7.315106373621812,24,8.061958810037908,Windy,Medium,Morning,Car,19.92243651637549
7.27424610893085,41,8.437373264067244,Snowy,High,Afternoon,Scooter,28.778483112006317
8.443231982102423,8,2.5397487457202472,Windy,Medium,Morning,Bike,15.803903952106197
7.802531459821097,32,0.31115599917357684,Foggy,Low,Night,Car,28.873971339064223
32.40286249535751,48,7.392947351647732,Foggy,Low,Afternoon,Bike,82.0310851148236
9.912124135558097,24,1.063437262557746,Clear,Low,Afternoon,Bike,23.280738222811316
17.937696882869297,28,3.1491958861296765,Clear,Medium,Evening,Car,51.52340054002436
44.94263208539458,54,0.038171341243471435,Foggy,Low,Evening,Car,123.27401922461704
24.224120372880744,53,6.816694824016201,Windy,Medium,Morning,Bike,65.0036427333051
33.710329187530334,55,1.6713201147122125,Foggy,Low,Afternoon,Bike,91.25715746360456
9.443673688879862,36,6.552824096916582,Clear,Low,Morning,Car,36.55108440506899
10.422161921624868,45,9.917426171678388,Foggy,Medium,Night,Bike,32.811639716621855
3.0025621970574643,40,0.7267087161001629,Foggy,Low,Evening,Bike,28.219642907772915
9.277818090536062,57,0.7707801195146069,Windy,High,Morning,Car,45.82332909255365
14.650926612565973,38,3.403800926666749,Snowy,Medium,Morning,Bike,52.67958924086658
9.673513729560593,40,8.663865142513421,Clear,Medium,Evening,Bike,33.133560457865244
5.346424154095725,6,2.1552986879133185,Windy,Medium,Afternoon,Scooter,14.275828479874093
6.9111576839294395,19,3.6037781993034756,Foggy,High,Morning,Car,22.550069862223335
23.578159633603562,38,0.6850540662697957,Foggy,Medium,Evening,Scooter,62.695696519298764
11.110352201883833,40,7.6315529125888935,Snowy,Low,Afternoon,Scooter,32.2729558065661
18.849223191355698,10,4.083063427594511,Clear,Low,Night,Scooter,42.46161115291676
25.667446271887986,43,7.592487330608428,Clear,Low,Evening,Bike,65.87446936033562
34.829346602838896,46,9.03607844346795,Rainy,Medium,Morning,Bike,77.73455972315098
2.926294852213848,55,2.3276314710128876,Clear,Low,Night,Scooter,40.39048035653871
40.17110954654309,55,8.073960303399513,Snowy,Medium,Afternoon,Scooter,104.65861812617217
31.767119085054482,58,0.5909389007825328,Rainy,Low,Afternoon,Scooter,92.13143088855152
5.0061925654947235,16,8.988473881802474,Rainy,High,Evening,Bike,7.656406340187148
43.805352581232086,7,6.507685475587474,Foggy,High,Evening,Scooter,85.5963989745271
46.122747626058846,49,8.742267241383516,Foggy,High,Evening,Scooter,110.59082850652132
3.9928200328883237,22,0.0018839955658189744,Clear,High,Afternoon,Car,8.81875239186059
14.567004759212983,44,1.6908107035599251,Rainy,Medium,Night,Car,60.004947362294814
40.50386270986,25,3.8975938742649205,Foggy,Low,Afternoon,Bike,85.6607099996205
37.66472482879926,19,3.795029033747186,Snowy,High,Morning,Car,81.02489245890754
10.04152994846249,37,2.2673038292351064,Foggy,Medium,Afternoon,Car,36.490090481585604
11.258116843498804,39,3.816119398672001,Foggy,High,Morning,Car,48.184365381769865
19.153133036777717,30,1.2884871200025483,Rainy,High,Night,Bike,51.57715974851941
24.741626274360044,12,4.12761129266026,Rainy,Medium,Evening,Car,59.29817772782797
31.2944838049845,40,8.023543291592642,Windy,Medium,Evening,Bike,76.59906166568193
19.07676833891885,52,4.790700631033512,Snowy,Low,Afternoon,Scooter,54.55341173577445
23.664201090524248,34,0.18000088945214987,Rainy,Low,Evening,Car,64.82193863211036
37.62607596855407,27,4.214440415792474,Clear,High,Night,Bike,83.9451679127411
2.797476941639297,46,0.2717501609084416,Snowy,High,Evening,Car,22.902851297849004
13.369410272857017,48,9.662434107067982,Snowy,Low,Afternoon,Scooter,42.86500028600726
35.95412970834307,18,1.2745395942286897,Rainy,Low,Night,Bike,79.74423357170673
44.86513504667277,18,7.076883263306187,Snowy,Medium,Morning,Bike,94.43549535733206
26.07219466366764,6,9.727763228920859,Rainy,Low,Afternoon,Bike,46.383389996406
27.073560778000466,59,8.26039051666572,Foggy,Low,Morning,Scooter,72.13121655426487
6.251428555649026,41,6.993153751262037,Windy,High,Night,Scooter,29.851373321487593
22.923205974349276,9,8.394609095007668,Foggy,Low,Afternoon,Scooter,38.82981145242299
27.098246056296134,42,9.817986932606276,Rainy,High,Afternoon,Bike,49.88015256606964
12.881054678101753,49,6.213444972535296,Rainy,Low,Night,Scooter,44.691929123439294
14.192918316519668,45,5.591848068293265,Foggy,Medium,Evening,Car,42.52361992857612
19.48692399212651,58,6.2823811046328135,Clear,Low,Afternoon,Scooter,63.602119401603375
1.983488691108592,51,5.32675886761555,Clear,Low,Afternoon,Bike,34.134577194300206
16.781879113575734,18,6.350891059097188,Clear,Low,Morning,Car,46.35156563379457
11.360952342830688,43,4.498422079725593,Rainy,High,Evening,Scooter,38.897867994826576
17.04737025671782,29,2.184431828833071,Snowy,Medium,Morning,Car,42.277732828372294
6.86834445914331,24,1.2024722651167563,Rainy,Low,Morning,Car,27.45763306275947
44.635836756254854,6,0.6834093553226039,Snowy,High,Evening,Bike,89.73713619785532
30.086030224148384,43,2.633157837532001,Foggy,Medium,Evening,Car,80.99778522249949
34.27601363807999,10,0.46123564335733835,Windy,High,Night,Car,69.78648782166836
39.669390691759574,21,5.671707799193856,Snowy,High,Evening,Bike,85.42053566443906
25.423667747523808,29,2.8382844702352026,Clear,Medium,Afternoon,Bike,58.449180263345035
5.259094116283761,32,8.245348080870322,Rainy,Low,Evening,Bike,24.19410723185453
27.31822054910884,6,0.7424087298838644,Foggy,High,Night,Car,53.94414391457076
29.755214783023078,39,2.2635149434148594,Clear,High,Night,Car,80.05242730130614
37.526534235032166,41,7.302461470901459,Foggy,Low,Night,Car,81.92677058323528
22.15131776525429,9,5.9880829638349145,Windy,Low,Evening,Bike,46.720421849727124
7.251434836982624,5,0.6449127124916754,Rainy,Medium,Evening,Scooter,11.526036615132574
14.9050193841375,44,8.772394571622005,Rainy,Medium,Morning,Car,44.34352823152554
18.79103252353312,16,8.772617628261795,Windy,Medium,Morning,Scooter,41.925452285544374
32.64994482524846,40,3.3040800387577383,Rainy,Low,Afternoon,Bike,80.99589511895529
28.968136928776683,49,3.404058433495647,Snowy,High,Morning,Car,73.88638087032805
18.448739568994466,27,9.89028358350174,Foggy,High,Afternoon,Scooter,42.991258090166795
49.33924719085601,51,6.261761715931382,Clear,Medium,Night,Car,113.71182567084789
30.68296614848747,35,5.313165205680591,Windy,Low,Morning,Car,71.5315390953082
12.624112795063729,15,8.381521835519244,Snowy,High,Evening,Car,25.694017052086853
5.987341158399783,14,2.8529033835731643,Clear,Medium,Morning,Scooter,22.925159113764927
8.490097820032268,7,4.291825933963569,Clear,High,Afternoon,Bike,16.32113647509831
13.0519286908409,58,2.6777667548833417,Windy,High,Morning,Car,52.54037817602407
8.873387289718227,18,7.891608465887314,Snowy,Low,Night,Bike,22.542730581663395
10.141784178513982,20,5.73349345635218,Clear,Low,Evening,Bike,24.801934384040766
14.969663265998507,14,6.588250701400705,Clear,High,Afternoon,Scooter,33.5287268297608
9.495306169442987,33,2.5230724983940656,Snowy,Medium,Evening,Scooter,38.360207570806644
44.941505806694835,14,2.2022530137731513,Rainy,Low,Evening,Bike,93.04207284827653
4.931453537420468,16,4.8837462898293875,Clear,High,Afternoon,Car,-3.3958923845557276
26.701058088942478,34,7.375657490928268,Foggy,Low,Evening,Scooter,58.93682321902935
21.109444522493416,45,5.252397575201602,Snowy,Low,Evening,Car,65.50990152396176
49.136552228521715,5,0.32645677545668605,Clear,Low,Morning,Car,100.27782377459847
6.489906206234565,9,8.685515063202887,Windy,High,Evening,Car,7.0986459946267475
20.49492435324134,24,0.6468689351513157,Foggy,Medium,Evening,Bike,58.1769047373474
48.504051230493076,12,9.558244837207523,Clear,Medium,Evening,Car,92.94323304262915
43.40984916880503,47,0.25141958277272725,Foggy,Medium,Evening,Bike,99.60561272609155
41.03653147651472,16,6.944504561307088,Foggy,Low,Afternoon,Bike,75.60204808668064
13.637238525202052,5,0.8220706371178166,Rainy,High,Night,Car,31.045646517370816
9.373491782113225,58,9.106765794351396,Foggy,Low,Morning,Car,38.30576306190142
33.76351777629712,24,4.644332362255428,Rainy,Medium,Evening,Car,82.15598558448492
46.5394234672517,32,1.3752377481701539,Snowy,Medium,Evening,Car,104.03726576731236
28.28138175768256,47,3.408156997898466,Rainy,High,Afternoon,Bike,75.10710270744768
29.009021784025094,41,1.6482467534676204,Windy,Low,Night,Car,72.44728144928247
14.718975589353924,51,1.7058191155709002,Clear,Medium,Evening,Car,50.62916117473469
38.70515372640491,41,9.481083201714423,Snowy,High,Afternoon,Bike,78.96970474482727
10.165143679318644,16,4.452461122847882,Snowy,Low,Morning,Scooter,21.949402915536748
16.86028258380794,41,7.888022639053595,Windy,Low,Morning,Scooter,46.07319820971278
21.846385492204423,53,6.396055611776818,Rainy,Medium,Evening,Bike,63.115061160303604
25.872908555538295,53,6.764263623383923,Clear,Medium,Evening,Scooter,82.22931980635671
12.878076888338931,48,1.3169343847203852,Rainy,Low,Night,Bike,57.60664227784238
6.627004412220973,32,2.3418444681548567,Foggy,Low,Night,Car,23.157667001481663
30.920382079639996,51,7.86750335154437,Rainy,Medium,Evening,Car,69.25357733447264
15.142897108772534,19,9.70766206474783,Snowy,Low,Afternoon,Scooter,29.582130388139454
29.480672849708,10,2.6267564259865175,Clear,Medium,Night,Car,63.21713996428259
8.563773048435912,48,2.7156876475103986,Rainy,Low,Evening,Scooter,34.10943808244725
24.575864990886057,24,4.728971328109049,Clear,Medium,Night,Scooter,52.36788048403445
27.096882195027707,54,9.83840312855438,Clear,High,Evening,Car,79.26813610806369
3.5393533042989187,18,2.6895894582647104,Foggy,Medium,Morning,Car,12.101359294606608
17.493609631502107,6,4.069719096342639,Foggy,Medium,Evening,Scooter,37.22875109514027
7.586319170009737,13,8.914800156235067,Snowy,High,Morning,Car,8.106309694512182
4.105373553165619,41,0.029210326213620075,Windy,Low,Night,Bike,28.396834486493656
49.508051387107315,24,0.39765964988569547,Clear,High,Evening,Car,108.93675135615636
16.795338403761427,30,6.0407167707121925,Windy,Medium,Night,Car,39.173093842794216
40.68384784687711,33,9.07380164712847,Snowy,Low,Morning,Bike,94.57039610423422
13.477392083424428,5,2.3885666040192763,Clear,High,Evening,Car,20.121832514664508
34.39363338897253,59,4.69641774680709,Clear,Low,Night,Car,95.09113315869442
38.25116513459464,39,4.504653016578183,Windy,Low,Morning,Scooter,89.7220689751586
30.186298289784368,10,4.729713460955102,Rainy,High,Night,Car,62.717005528793
24.10723323895776,41,6.225196957297452,Foggy,Low,Afternoon,Car,60.78138635952628
21.18020479321616,57,4.697437629906838,Rainy,High,Morning,Bike,70.49893726612018
18.09454506060677,9,4.4746814132245785,Windy,Medium,Morning,Scooter,31.5158957167282
46.546928068143465,37,4.742884204312605,Foggy,Low,Morning,Scooter,112.63873789035088
41.700350981598724,53,5.908674412710415,Rainy,Medium,Evening,Scooter,103.84801407711493
48.28631862265912,55,5.370074883513584,Foggy,Medium,Evening,Car,112.06004971672904
7.090563950791692,18,8.541359976505042,Clear,Low,Evening,Scooter,18.040845204592458
36.81250628497857,16,0.49496853493666615,Rainy,High,Afternoon,Bike,80.13579531743223
46.97868238423085,46,8.333170714730125,Foggy,Low,Afternoon,Scooter,100.08500442303385
9.880420242117347,24,8.43924612611724,Foggy,Medium,Morning,Bike,24.983934776911806
4.258317100972097,57,2.849080215309608,Foggy,Medium,Afternoon,Scooter,39.20053256302309
37.314911815212895,54,4.628519550158506,Rainy,High,Night,Scooter,103.41198278206794
29.149182545815684,28,4.385384885374355,Snowy,Low,Morning,Bike,66.02122079325818
42.24961006115533,47,2.185098343541303,Rainy,Medium,Morning,Scooter,106.54071205539805
7.848846454688186,38,3.9679684708631644,Windy,Medium,Night,Scooter,30.982406152477765
39.96809828113462,29,0.44387772170854434,Rainy,Medium,Morning,Scooter,101.44133199841747
10.879738682339482,54,2.7782207278173443,Foggy,High,Afternoon,Car,41.92881372499504
9.01914120041952,33,8.16682175450718,Clear,Medium,Evening,Bike,24.048163385309145
9.049024098618654,43,2.8456230176289754,Rainy,Medium,Night,Scooter,32.5788236323593
40.91416129133772,35,8.182066687482475,Rainy,Low,Afternoon,Bike,83.90050327962854
33.59466381411381,51,5.315994646044309,Foggy,Low,Night,Bike,88.61226888744372
26.630205813686846,47,8.7986267736116,Clear,Medium,Night,Bike,75.96827651265002
18.582693722051623,54,5.747795542644152,Clear,Medium,Morning,Scooter,57.425169608883785
43.982826499842304,27,0.2966822306473982,Windy,Low,Morning,Scooter,96.75948766132154
20.229810263709133,48,6.754202075470892,Rainy,High,Afternoon,Bike,58.639716963107716
41.013372534107276,42,0.4485356802356866,Clear,High,Night,Car,105.52380028184214
22.517610519940703,24,4.50597018983134,Clear,High,Morning,Bike,51.747435162867205
19.47027704182047,27,9.29426694473114,Snowy,High,Morning,Car,50.16396379868068
23.671309497810714,49,1.6520393933785016,Snowy,High,Night,Bike,66.12877013080531
15.767515834042962,56,3.8987235294154408,Clear,High,Afternoon,Bike,54.201459956108664
37.632859628636304,20,7.298603088484784,Windy,High,Afternoon,Bike,79.44705569300264
25.63329911453148,54,8.822585560948475,Clear,High,Night,Scooter,71.40883143120362
12.378422062194048,46,6.709430047425079,Foggy,Low,Afternoon,Car,41.28355453845382
45.079154090453855,59,2.581732541911692,Rainy,High,Morning,Car,110.68447602721028
19.810669847287357,12,6.746078529162162,Windy,High,Night,Bike,50.5653181864442
27.63409019458544,54,2.9672764110409,Foggy,High,Morning,Scooter,78.12105440289947
45.4171334372628,25,7.184292298187352,Windy,Medium,Evening,Scooter,96.70131216926153
31.587661799785614,5,9.540331275850406,Foggy,Low,Evening,Car,59.21879778958572
6.728003994709839,59,7.213934511062883,Rainy,Low,Afternoon,Scooter,32.559546665109146
47.05177405706028,12,8.628805029124123,Rainy,Low,Evening,Car,91.75937518935031
31.757694600499477,33,0.02103843175883413,Snowy,High,Morning,Car,76.60839958097364
17.41037511819722,36,7.175721247315944,Foggy,High,Evening,Car,47.72278269644965
7.824331560505976,42,8.295875568652503,Snowy,Medium,Morning,Scooter,26.9726743095816
39.9072342742445,9,0.4055873754468142,Foggy,Low,Afternoon,Car,85.25247380956553
31.383565040497164,51,8.715977272882306,Snowy,High,Afternoon,Car,74.31846607568401
27.139593506839756,26,2.5669422831004587,Rainy,Low,Morning,Bike,60.56766256054803
44.80073656949693,51,6.652921019780552,Windy,Medium,Evening,Car,101.62284873492929
39.641263350002006,38,8.003548790234067,Snowy,Medium,Afternoon,Car,86.72632751313891
8.432069106904809,5,6.6266451305935545,Foggy,Medium,Night,Bike,-0.13012813527463685
16.274381321981863,59,0.9228479207325724,Foggy,Low,Afternoon,Bike,59.59041369479202
13.17596785090882,59,5.963215188603684,Rainy,High,Evening,Scooter,47.21751915339932
37.453368336061175,30,5.495836567221436,Foggy,High,Night,Car,85.16545492302626
2.64308930205319,47,9.003212680742715,Clear,Medium,Evening,Scooter,20.00600454553511
28.92459455869451,14,4.042397296442092,Windy,High,Morning,Scooter,67.09219066335228
38.360475601293835,34,3.2108109708705013,Snowy,Medium,Night,Bike,103.48169115558773
43.96151620132572,54,7.498507644364663,Windy,Low,Evening,Scooter,113.11221982403995
17.762005687079466,22,4.126753260833967,Rainy,Medium,Night,Car,40.131720166449526
41.24160792892863,21,6.46096175005063,Snowy,Low,Evening,Bike,84.05530035925719
6.420955110805155,30,6.46450090124607,Snowy,Medium,Night,Car,25.720724532142818
42.47616229499139,12,8.880390643601178,Clear,High,Evening,Car,73.65521047351744
7.246944454267139,51,5.986924023190974,Rainy,High,Morning,Bike,32.430950254525904
20.467077237457996,44,5.021536099619869,Foggy,Medium,Night,Car,56.72185370007683
40.067472923198125,53,1.38871326396517,Clear,High,Night,Bike,108.16689000652514
8.345953940089915,16,1.1573760667870536,Clear,High,Night,Car,26.603863544096676
12.233318366399432,31,1.5432156528307939,Windy,High,Night,Bike,34.70061837800292
36.390375851260245,12,1.7184848132709452,Windy,Low,Morning,Scooter,74.99040358072362
36.28179029075764,29,6.378770926636339,Windy,High,Night,Car,82.91033092904249
32.41623401137957,50,7.409812502745785,Clear,Low,Afternoon,Bike,78.42805224041955
35.0034737788879,8,5.299915229264187,Foggy,Medium,Morning,Car,74.73762450238303
27.59349772403221,37,8.290177325454911,Snowy,High,Afternoon,Car,68.44269428981072
13.338153886440685,5,9.912632267336331,Windy,High,Night,Car,20.121223246519254
17.939103681692053,23,8.20012629119356,Foggy,High,Evening,Bike,41.13278406359514
9.898288123269857,35,6.948823736759592,Rainy,Medium,Afternoon,Scooter,28.013299425076124
45.514077505347785,20,5.3249269943714665,Windy,Low,Night,Scooter,92.57177090538602
29.586197943539904,18,4.488530716747082,Snowy,Low,Afternoon,Scooter,61.560254089639116
20.641719421418355,57,0.8439238054454234,Rainy,High,Night,Bike,71.43934849869053
23.638284378562503,52,3.9936874839469096,Rainy,Medium,Night,Scooter,70.28795617672137
47.41688364097895,9,9.101346367821343,Snowy,Medium,Night,Bike,88.118848615673
8.51421875268793,45,8.08022629906553,Windy,Medium,Evening,Car,35.19611992284861
29.725261768823064,30,2.1605136501168722,Clear,Medium,Afternoon,Car,71.42027777584848
25.788545265338833,32,4.666077846972159,Snowy,Medium,Morning,Scooter,59.444458955759664
30.961257536297744,6,8.167232025585445,Snowy,Low,Morning,Bike,58.026990593502646
1.8873990072211848,54,0.6738455478552252,Snowy,Low,Morning,Car,25.035804908472954
43.73407153826342,10,3.873925856686593,Rainy,Low,Morning,Bike,80.15809847016175
46.67379584169701,13,8.518412368739476,Foggy,High,Night,Bike,91.30365643682822
28.69152599587124,37,4.038978641701237,Clear,Medium,Afternoon,Car,68.55700438148682
35.13589036996772,45,0.7761464473144086,Windy,High,Afternoon,Bike,90.72486252927179
46.20246967768749,29,5.425343685322515,Windy,Medium,Evening,Car,96.64593107933021
35.654693081356534,52,8.617424949182954,Foggy,Low,Afternoon,Car,94.73662191204296
8.474413102798806,17,5.902855429531597,Snowy,High,Afternoon,Car,16.238507056425323
29.238129648173846,13,2.262791082142318,Clear,Low,Afternoon,Bike,60.55347132335133
30.72903727275994,57,3.8423962013738135,Windy,Medium,Evening,Car,88.00509468206224
21.782402893816915,17,4.5012336118193215,Windy,Medium,Morning,Bike,40.68050068420109
37.08576754561142,35,5.792663538205268,Snowy,Medium,Afternoon,Car,78.62612268677405
46.78398372368173,45,7.59351025752613,Foggy,Low,Evening,Car,110.37922136830439
46.35285713243204,15,0.988736176406354,Clear,Medium,Evening,Scooter,96.99223993614689
23.091129198802474,8,8.896520330175663,Foggy,Low,Night,Scooter,36.77826253295851
6.548664246197007,38,0.1230970301607559,Foggy,High,Evening,Scooter,34.99109732696986
49.2572187491544,42,3.7005233467425525,Clear,Medium,Morning,Bike,111.75430585602628
42.10600623585077,50,0.2742030997265765,Clear,Medium,Afternoon,Bike,107.56524787423034
7.1084713789600755,8,3.9297422534529125,Windy,Medium,Evening,Car,9.806548164604674
46.121252248251245,42,5.258125988733237,Windy,High,Morning,Car,109.50156443901837
43.62492174104428,23,5.116813865815118,Clear,Medium,Evening,Car,100.29341057985732
26.423064799177535,10,1.6562834702826534,Rainy,Low,Evening,Car,46.88464648141184
29.972496351501533,38,6.457405100956123,Windy,Low,Evening,Bike,73.05087604580017
20.551132489636384,22,0.4477845050466822,Rainy,Medium,Evening,Car,55.937422683657836
3.6833203022795353,17,7.619068201324154,Clear,Medium,Evening,Car,6.140183666706051
17.424664840649147,45,9.466444339935462,Windy,High,Morning,Scooter,42.2276734698834
40.339818981302564,27,3.397688271511179,Foggy,High,Afternoon,Car,92.88676732673096
1.22696912722554,23,5.17239381714332,Clear,High,Afternoon,Car,13.789811954193262
17.341459412866065,49,3.789102780588144,Snowy,Medium,Afternoon,Car,59.846426933371326
20.510265985956224,15,0.06710390304059954,Rainy,High,Afternoon,Bike,50.28297475844599
27.33238454395822,5,3.8587450289511596,Clear,High,Morning,Scooter,53.795592747008484
46.072925204225264,28,7.917202592613465,Clear,Low,Night,Car,93.73358503891556
17.9709537239321,58,5.959888421834818,Windy,High,Night,Car,63.308243777749084
18.000706892915158,11,1.0125991461515893,Windy,Low,Morning,Scooter,44.53859870644126
37.13756115737767,29,8.47139489693785,Windy,Low,Morning,Car,74.61343582454114
23.15867910360055,25,5.310853448852429,Snowy,High,Evening,Bike,55.32890339758113
12.005636324059116,19,8.417233617446762,Windy,Low,Evening,Car,28.358158408270402
23.169536290501977,5,5.802215187850294,Clear,Medium,Evening,Bike,47.44742625353119
7.901993998610193,16,5.596884448379399,Windy,Medium,Afternoon,Bike,17.832155453204884
9.642962338804942,11,1.0525918519701238,Foggy,High,Evening,Car,19.44549495490904
25.42002086423451,19,1.6735973313862795,Windy,Medium,Night,Scooter,56.15586349776251
21.527347025722847,25,9.72025256496591,Snowy,Low,Afternoon,Bike,40.79819219419998
45.827449152336904,23,2.2848674675477074,Foggy,Medium,Evening,Scooter,100.61472751155118
18.757301056715022,33,9.77452117990368,Clear,High,Afternoon,Car,43.00565395068291
29.44882916362413,29,5.3191270652426335,Clear,High,Night,Bike,78.80371336584915
31.980950108056987,37,1.3578904706393713,Rainy,Low,Evening,Car,85.57739545766526
1.641628372828348,53,0.9930220275369295,Foggy,High,Night,Scooter,33.63797505256525
33.51333122881882,36,2.0886407070574,Rainy,Medium,Night,Car,85.2947842047189
9.72376237661782,53,9.256373300253358,Foggy,High,Night,Car,34.854563219639694
48.092445556003305,39,4.141502243282268,Foggy,Low,Evening,Bike,110.16643907463398
8.284473659902535,48,3.9543426799291437,Snowy,High,Morning,Car,35.695258140792824
21.316582062624164,42,3.13206261070174,Rainy,Medium,Evening,Car,61.44226787805226
5.182133735853549,30,1.4706185056658838,Snowy,Low,Night,Car,25.83949801715846
49.84683834045142,15,4.878511971924064,Foggy,Medium,Evening,Bike,102.31870784738138
25.607555506230888,39,1.3004778251113869,Clear,Low,Night,Scooter,67.96164080063473
30.173865848682144,12,8.354802363823277,Foggy,High,Morning,Scooter,55.02235118110109
4.286747392032947,50,3.703969862753065,Snowy,Low,Afternoon,Car,22.906281132396558
37.74806304955971,18,3.7480356778179633,Rainy,Low,Morning,Bike,87.16498624653471
11.285374061683703,14,4.740064284831559,Rainy,High,Morning,Car,35.858331679862914
45.004660182594975,6,4.441277131657516,Snowy,Medium,Afternoon,Scooter,94.5647271381737
11.051842383618352,50,9.948579730593215,Rainy,High,Evening,Bike,30.85977690698975
10.343698312519662,13,5.453811212183025,Windy,Low,Afternoon,Scooter,25.66866826106076
2.7909337245566492,7,0.8820170378987069,Clear,High,Evening,Scooter,13.318731919318672
24.131280310389965,25,6.0687734157693,Clear,Low,Evening,Bike,52.676598711903836
28.677215529868207,30,1.5158429286987996,Clear,High,Night,Bike,73.28322432923275
4.219723331989266,12,0.30937644731341973,Rainy,High,Night,Car,11.848555054052014
39.00085321805552,52,9.70742153677248,Rainy,Medium,Afternoon,Car,101.93892987340725
23.211152902653353,6,7.735388915345639,Foggy,Low,Morning,Scooter,43.51377150103764
26.695123197051423,10,9.801089924137669,Foggy,Medium,Afternoon,Bike,44.003379013109935
22.59737459997318,32,4.778784480222424,Clear,Low,Evening,Bike,59.76500520977062
20.637389982890973,57,5.322575311489761,Windy,High,Night,Car,69.74610802174342
28.422376234102675,33,1.6833695591913023,Foggy,Low,Afternoon,Scooter,72.65204116469341
8.606772050604913,30,2.4690742666758556,Foggy,Medium,Afternoon,Scooter,32.141678293250315
9.914478394268285,29,8.385492149028282,Rainy,Medium,Night,Car,25.594697493364304
43.22749542966235,16,3.5618564711759415,Windy,Medium,Night,Bike,85.22173212241758
47.359657644548,9,8.26814973796419,Clear,Low,Night,Car,90.19249675902927
19.292156497707893,38,7.090137242870318,Foggy,Medium,Evening,Car,53.10937391736326
14.266488984034135,52,1.771709252718655,Windy,Medium,Night,Car,52.12113437543342
32.55597761871177,41,5.074463661197422,Windy,Medium,Morning,Car,84.54131870992407
21.027974383806722,19,6.773873215187169,Clear,High,Afternoon,Bike,42.821167746438356
2.243931427356898,48,2.350372148038251,Windy,High,Night,Car,24.50453656942141
8.651477270943328,40,8.306885105200768,Windy,Low,Night,Bike,33.15166942665541
36.08263921352248,19,5.448276575451868,Windy,Low,Evening,Car,77.32626443560831
33.28727315359742,47,1.652420504426032,Foggy,Medium,Evening,Scooter,86.36351789699084
2.327703632670691,52,5.829844261646024,Clear,High,Afternoon,Bike,29.994589883738477
11.876635934714523,27,9.99713804155914,Windy,Medium,Morning,Scooter,23.812455238117263
12.322665032815499,10,1.5052149166341355,Windy,Medium,Afternoon,Car,24.505370353910116
33.922744436337695,50,8.16756930119528,Foggy,High,Night,Car,70.53067551615973
1.9658163499638435,54,2.0730900318755796,Clear,High,Morning,Car,26.08869992516487
6.101320517244118,48,7.823883294600873,Rainy,High,Morning,Bike,34.92234113449878
40.19588818328628,47,7.345779231214133,Foggy,Low,Morning,Scooter,86.18453370449623
9.748688440662347,49,3.0048938560043235,Clear,Low,Morning,Bike,36.232882324174284
32.98455928474186,25,3.2582311756444984,Windy,Medium,Afternoon,Bike,77.40623017329008
12.6709562712896,27,7.925213919629192,Clear,Low,Evening,Car,19.692364753486363
5.872628245207913,47,4.614455118873126,Clear,High,Evening,Scooter,28.07730830399388
12.91543735897325,59,7.308180287118088,Clear,High,Night,Car,53.72701050888214
36.391079660927296,20,1.4798414736583476,Rainy,Low,Evening,Bike,91.51744685744119
42.929126937208004,51,8.525577819015535,Clear,Medium,Evening,Car,104.28390888373563
41.680773363782585,57,7.108847166823191,Rainy,Medium,Evening,Scooter,100.12036446953638
20.461992951304286,19,9.069428088348339,Windy,Low,Evening,Car,36.55391412101882
33.736171691961665,29,1.3237237903497245,Rainy,Medium,Night,Scooter,81.37315944022814
11.044230475375228,40,5.930145003605976,Windy,Medium,Afternoon,Scooter,37.563132552969975
15.36423878278965,15,5.991205850403252,Windy,Medium,Morning,Car,41.52691551546729
44.92045510753487,55,3.5346074054678245,Rainy,High,Evening,Bike,118.66032707228793
1.6370942520260656,19,4.5846642456925775,Foggy,High,Afternoon,Car,8.610056697802007
5.189918011868936,8,0.3798156328985347,Snowy,Low,Evening,Bike,12.323984124542243
11.186426502155339,25,7.4586003862701205,Clear,High,Evening,Bike,42.48781116455161
2.300077989817166,17,5.4932247940317405,Snowy,Medium,Morning,Car,10.739905185582067
9.890336319400069,26,0.5774105186917378,Clear,High,Morning,Bike,28.85950355222068
29.569036487514918,23,6.8075589296048555,Clear,Low,Morning,Bike,62.7073994274676
21.6498029790324,38,4.667820772311879,Windy,High,Evening,Car,53.244511485737426
44.74091384277177,18,0.34461259425,Clear,Medium,Evening,Car,86.11446746204159
41.054734525183605,8,9.696077268480954,Clear,Medium,Evening,Car,77.97664673792288
17.749050233195923,52,9.491121430894404,Rainy,Low,Morning,Bike,60.91925011828402
13.711748238133332,57,5.129024161471976,Snowy,High,Night,Scooter,42.64168630355817
19.60492800019608,56,0.936724207059102,Rainy,High,Afternoon,Bike,66.54944477272815
29.92445218322558,50,7.546212215985918,Clear,High,Night,Scooter,73.76816825477727
14.135118400320938,31,4.919311001057291,Windy,Medium,Evening,Car,41.45843842743385
31.583296484607565,33,3.0244747828937992,Rainy,Low,Evening,Scooter,75.78046740269849
21.06117095737078,51,4.914181775285567,Rainy,High,Night,Car,55.90788686736798
28.05031186174703,32,5.224441454054645,Foggy,Medium,Evening,Car,61.970663699690746
22.370199927630516,39,5.627116990223392,Clear,Medium,Afternoon,Scooter,54.461780205116604
15.428822217553966,12,4.412237136553266,Windy,Medium,Evening,Car,39.1669983384907
47.47421204114568,20,6.057553031390567,Rainy,High,Afternoon,Scooter,105.35716743555155
38.41668391382828,46,9.187347106063774,Rainy,High,Night,Car,89.0892812860293
7.865545612556175,40,3.6226808709859117,Windy,High,Night,Bike,38.24742752138317
43.554930818997725,34,7.2571646321994905,Clear,High,Evening,Bike,95.98677780881509
24.88412871422617,22,8.944525568242321,Foggy,High,Afternoon,Car,50.19041806795908
44.83305911781048,6,4.559792757599369,Rainy,High,Evening,Car,88.39191468077746
40.19290754141844,53,4.434558363819042,Foggy,High,Morning,Scooter,103.87538311213603
21.835461718992438,17,6.0211698535477955,Snowy,High,Morning,Bike,43.37252962011207
2.1009961076857526,8,5.914067594224881,Clear,High,Morning,Scooter,2.3972533320577365
14.165190609862357,30,8.06589342326277,Snowy,Medium,Morning,Car,39.20110032469456
27.540076518382477,29,4.764833837782927,Snowy,High,Evening,Car,65.46301739501226
32.04043277148122,34,9.961229496394411,Snowy,Low,Morning,Scooter,71.33355055718964
13.636496586226912,15,0.5947156886728078,Clear,Medium,Afternoon,Car,36.64917855518499
7.828447629568382,11,0.031678485807017376,Clear,High,Night,Bike,24.458747077622792
41.91158160316566,35,6.401983115596238,Windy,Low,Night,Scooter,94.60810099767046
49.23570685447405,48,2.9843491236187667,Foggy,High,Morning,Bike,117.11615929993859
26.758818932831606,14,2.403823886994838,Foggy,Low,Morning,Bike,59.05983049603955
9.412285006566872,43,3.1189908000428046,Windy,Low,Morning,Bike,29.235760563974445
14.34305899944908,17,2.560475651049543,Windy,Low,Evening,Scooter,33.574032370329334
1.9011431508258698,35,0.3079004966044785,Snowy,Low,Night,Car,8.636586263475959
45.80064152146445,11,9.715330423905886,Windy,Medium,Morning,Bike,79.00699370184051
6.769803061616916,53,2.2074548845278175,Rainy,Medium,Afternoon,Bike,28.701221991622457
29.249307300198424,46,7.340297625893063,Foggy,Low,Morning,Bike,79.39507568676905
14.428705813673094,46,7.625963946941753,Windy,High,Night,Car,44.30135676025106
28.154722123273878,40,9.292573980072293,Rainy,Low,Morning,Car,60.70662515039379
32.91959902924135,24,0.3054945709337997,Rainy,Medium,Night,Scooter,79.98903370477568
41.65734838165288,8,8.720483384470077,Rainy,High,Morning,Car,83.53748577566829
11.114642316269558,58,5.272261808398002,Rainy,Medium,Afternoon,Scooter,48.499450604877985
1.5387956042655433,11,6.325441099658279,Snowy,Medium,Morning,Scooter,1.3085994664098761
7.707395873371556,58,6.444702771210337,Rainy,High,Afternoon,Scooter,39.13252206762961
45.10091345055715,5,8.197978049847276,Snowy,Low,Afternoon,Scooter,89.01133151698069
43.820613800563244,48,3.334073221591105,Snowy,Low,Morning,Scooter,105.9609251912221
30.273242006345107,49,7.330511898599934,Rainy,Low,Afternoon,Bike,77.8653067303794
30.425326161249014,46,5.285781097221971,Foggy,Low,Evening,Car,77.27890600224391
33.58679705276652,51,7.933940143053477,Rainy,High,Morning,Bike,76.67257469921714
9.59319265254903,17,9.905460327701334,Rainy,High,Morning,Scooter,22.363765880618235
45.80618535032303,59,2.0065101740376123,Rainy,High,Afternoon,Car,129.3922198515785
21.519755719711583,26,9.94648641559998,Foggy,Medium,Afternoon,Bike,41.72405191761724
19.773787884225374,58,0.89812154282774,Clear,High,Morning,Bike,72.4628554000545
26.42696755885904,25,0.02317547904813866,Clear,Low,Evening,Scooter,61.120790739861945
3.301332371977697,26,0.4416193617783126,Snowy,Medium,Afternoon,Bike,19.824984457562405
9.147885069047891,32,3.417824047367617,Snowy,Low,Afternoon,Bike,38.41800745967705
37.16364720489215,13,6.329063306784342,Foggy,Low,Night,Bike,71.89603617603942
5.057134728331197,30,0.6902954088784963,Windy,High,Evening,Bike,24.350541975824527
30.55445336385302,13,0.0566581452956727,Clear,High,Evening,Bike,58.544733599869986
13.022106374384727,19,9.370910284587948,Snowy,Low,Morning,Scooter,22.852280744450347
20.07548508805685,14,8.219266359399297,Clear,Low,Evening,Scooter,29.400342206710874
15.145993101764294,28,8.091831711390311,Foggy,Medium,Morning,Bike,38.34604509151327
18.427963106782506,46,8.84424275501977,Foggy,High,Night,Scooter,55.16987125330313
36.23324935402803,12,7.000342727721044,Windy,Medium,Evening,Scooter,70.35798154748099
15.558964065535577,28,1.0440412974808144,Windy,Medium,Afternoon,Car,45.503321669874296
28.753827374547964,20,3.9910018807372305,Foggy,Medium,Night,Bike,61.888000592106465
24.326469707755884,53,7.2314948646462955,Snowy,Low,Morning,Scooter,71.62417138023766
33.51988710276976,30,2.803344607915209,Clear,Medium,Night,Scooter,79.8837392732503
46.904657226913145,31,6.874063641362376,Rainy,Medium,Morning,Bike,92.50693403344613
36.896032763302266,41,0.2449844826765235,Windy,Low,Night,Car,98.7469851343921
11.532078550947082,8,3.061373408795932,Rainy,High,Morning,Bike,22.055069720182463
2.527973618002949,54,5.491303362771727,Snowy,High,Evening,Car,20.21274651719215
13.850938170691428,28,6.320898295062422,Windy,Medium,Afternoon,Bike,33.18630818460042
30.158818604312486,23,5.770406644619108,Rainy,Low,Morning,Bike,56.53688232127367
3.519864860728267,40,6.977562760734295,Snowy,High,Night,Bike,13.812720404527024
25.32194611286058,43,0.0608874823983907,Clear,Medium,Morning,Bike,72.79775279389972
30.24529959692757,14,1.009411999775215,Snowy,Medium,Morning,Car,67.61474562578276
17.37795065003108,29,8.68944252279145,Windy,Low,Morning,Car,42.09865294854655
38.77469798354527,22,6.817486440901613,Foggy,Medium,Night,Scooter,81.74795886500641
6.223314403554818,23,1.129316426860113,Clear,High,Afternoon,Bike,19.352986762889465
4.681751305054629,40,8.420744373985793,Rainy,Low,Evening,Car,20.67046253882064
36.681249053976565,14,2.422312178245669,Windy,High,Afternoon,Car,75.75414869496802
25.279074494103725,37,4.782598841952234,Foggy,High,Morning,Car,56.14664215587929
34.731717424959065,59,1.451965128846603,Snowy,High,Night,Bike,93.64939476601857
22.306539591583565,54,7.101100564217067,Foggy,Medium,Afternoon,Scooter,68.95968477479519
13.073699628716234,9,6.668544210142678,Windy,Medium,Morning,Car,31.920325807564513
41.136013566035786,51,2.111124711661362,Windy,High,Evening,Bike,108.91727764100365
40.171378069479985,53,8.634007668570018,Foggy,High,Evening,Car,105.92723727535201
35.04012707186691,39,4.013060242197122,Snowy,Low,Evening,Car,85.99413695221149
14.335111724268172,48,2.9251509107074183,Foggy,Low,Morning,Scooter,58.45695296134163
29.921302676585267,38,1.5232958946453545,Windy,Medium,Night,Car,87.59175166016809
18.687720950061312,37,2.6616801251553746,Windy,Medium,Afternoon,Car,44.54641428478631
5.487521593005074,59,0.22026921223816998,Rainy,Low,Evening,Bike,41.36224050943614
45.9483651976499,25,5.832574924561156,Rainy,High,Morning,Bike,98.99630641617635
7.704112915029109,21,8.422307463439479,Clear,Medium,Morning,Scooter,15.365399288698246
47.56163033721932,26,5.489804494416418,Windy,High,Afternoon,Bike,105.09303387077915
22.85428287493983,52,2.192739619238757,Rainy,Low,Evening,Bike,69.7214514738503
